home_team,away_team,predicted_selection,model_probability,actual_score,actual_outcome,correct,probability_assigned_to_actual,log_loss,brier_score,xg_home,xg_away,score_abs_error_total,source_ref
Norway,Sweden,home_win,0.6399906054225194,3-1,home_win,True,0.6399906054225194,0.4463017817634709,0.1956375520537336,1.861653728393272,0.8552294606247797,1.2831168109819486,turn243199search18
Canada,Uzbekistan,home_win,0.4366227201194414,2-0,home_win,True,0.4366227201194414,0.8286857974675336,0.477570426301493,1.2454268182104855,0.9138257436506032,1.6683989254401177,turn157921search7
Colombia,Costa Rica,home_win,0.773753722509787,3-1,home_win,True,0.773753722509787,0.2565016439967947,0.0798067074371089,2.511273253433917,0.6032970757925993,0.8854296707734837,turn173652search0
Brazil,Panama,home_win,0.6255605177153762,6-2,home_win,True,0.6255605177153762,0.469107202811395,0.2140010485539905,1.9265077977476488,0.7350979832452916,5.338394219007059,turn210051news76
Switzerland,Jordan,home_win,0.6147873768420076,4-1,home_win,True,0.6147873768420076,0.4864787996657516,0.223616047138652,1.792930847762204,0.8436801137443279,2.3633890384934686,turn983823search11
United States,Senegal,away_win,0.3861336481225891,3-2,home_win,False,0.3365818270620974,1.088913988397434,0.6661095740987786,1.3452463209821195,1.254234382324697,2.4005192966931834,turn173652news26
Austria,Tunisia,home_win,0.4188762603950885,1-0,home_win,True,0.4188762603950885,0.8701797239286799,0.5082423118314906,1.2131044831731816,1.1504005178692636,1.3635050010424452,turn983823news36
Croatia,Belgium,away_win,0.4031947639975973,0-2,away_win,True,0.4031947639975973,0.9083355484263688,0.5406359651346732,1.4206119642208934,1.4468173053940483,1.973794658826845,turn983823search10
